feature,importance_mean,importance_std
smoker,6118.840747758468,307.83074803001506
year,2731.708112824845,100.76726788159948
BMI,2163.0152662103324,110.02360687715851
Hospital tier,938.8657656257304,69.29830119777228
State ID,446.7843108845571,59.89738803211911
children,363.36501376144344,36.59739249824018
month,17.2729104137768,12.520662489039562
date,8.982091936781671,7.34441805418614
Cancer history,4.948138377098803,2.0311033468790805
City tier,4.8095377049610075,4.77344626163232
Heart Issues,4.319628391424203,3.5707695255835246
NumberOfMajorSurgeries,3.1890338892495036,2.3767441000841893
Any Transplants,0.4343869129020277,0.38651814083663366
HBA1C,-5.211996729413409,15.460370550919794
